{"app":["/app-d39d95052446202a85d5.js"],"component---src-templates-post-js":["/component---src-templates-post-js-2e54f31b271ba85d8ab9.js"],"component---src-templates-journal-js":["/component---src-templates-journal-js-a4c0509be93e583897d8.js"],"component---src-templates-case-studies-case-studies-js":["/component---src-templates-case-studies-case-studies-js-a7553f60e81f9de00534.js"],"component---src-templates-case-studies-oneplus-js":["/component---src-templates-case-studies-oneplus-js-bdfb95d507230def6c25.js"],"component---src-templates-case-studies-oneplus-tv-js":["/component---src-templates-case-studies-oneplus-tv-js-440e0d7ab56dd40c2de2.js"],"component---src-templates-case-studies-gant-js":["/component---src-templates-case-studies-gant-js-4f2d797020e05deb24c5.js"],"component---src-templates-case-studies-oxygen-os-js":["/component---src-templates-case-studies-oxygen-os-js-6ea9df2dc4df53d19f4e.js"],"component---src-templates-case-studies-digitalsky-js":["/component---src-templates-case-studies-digitalsky-js-4b0c88a172df5c82ec3f.js"],"component---src-templates-case-studies-upcloud-js":["/component---src-templates-case-studies-upcloud-js-7116281fbbf3416a9972.js"],"component---src-pages-404-js":["/component---src-pages-404-js-789327fa33ecaac8e4ef.js"],"component---src-pages-about-js":["/component---src-pages-about-js-8fb46b80a4e08dd2df41.js"],"component---src-pages-contact-js":["/component---src-pages-contact-js-b3ce98e98805c2863d60.js"],"component---src-pages-index-js":["/component---src-pages-index-js-0186d0f22dbebe733aa8.js"],"component---src-pages-page-2-js":["/component---src-pages-page-2-js-5055be3caef94038bbae.js"]}