{"errors":[],"warnings":[],"namedChunkGroups":{"app":{"chunks":[17,16,0,1],"assets":["webpack-runtime-0829d502671e051ab273.js","webpack-runtime-0829d502671e051ab273.js.map","styles.9be68b85c4da0aca1b6e.css","styles-2f70ff69daf662c64ebe.js","styles-2f70ff69daf662c64ebe.js.map","commons-12c362582636f6e63dac.js","commons-12c362582636f6e63dac.js.map","app-d39d95052446202a85d5.js","app-d39d95052446202a85d5.js.map"],"children":{},"childAssets":{}},"component---src-templates-post-js":{"chunks":[0,15],"assets":["commons-12c362582636f6e63dac.js","commons-12c362582636f6e63dac.js.map","component---src-templates-post-js-2e54f31b271ba85d8ab9.js","component---src-templates-post-js-2e54f31b271ba85d8ab9.js.map"],"children":{},"childAssets":{}},"component---src-templates-journal-js":{"chunks":[0,14],"assets":["commons-12c362582636f6e63dac.js","commons-12c362582636f6e63dac.js.map","component---src-templates-journal-js-a4c0509be93e583897d8.js","component---src-templates-journal-js-a4c0509be93e583897d8.js.map"],"children":{},"childAssets":{}},"component---src-templates-case-studies-case-studies-js":{"chunks":[0,7],"assets":["commons-12c362582636f6e63dac.js","commons-12c362582636f6e63dac.js.map","component---src-templates-case-studies-case-studies-js-a7553f60e81f9de00534.js","component---src-templates-case-studies-case-studies-js-a7553f60e81f9de00534.js.map"],"children":{},"childAssets":{}},"component---src-templates-case-studies-oneplus-js":{"chunks":[0,10],"assets":["commons-12c362582636f6e63dac.js","commons-12c362582636f6e63dac.js.map","component---src-templates-case-studies-oneplus-js-bdfb95d507230def6c25.js","component---src-templates-case-studies-oneplus-js-bdfb95d507230def6c25.js.map"],"children":{},"childAssets":{}},"component---src-templates-case-studies-oneplus-tv-js":{"chunks":[0,11],"assets":["commons-12c362582636f6e63dac.js","commons-12c362582636f6e63dac.js.map","component---src-templates-case-studies-oneplus-tv-js-440e0d7ab56dd40c2de2.js","component---src-templates-case-studies-oneplus-tv-js-440e0d7ab56dd40c2de2.js.map"],"children":{},"childAssets":{}},"component---src-templates-case-studies-gant-js":{"chunks":[0,9],"assets":["commons-12c362582636f6e63dac.js","commons-12c362582636f6e63dac.js.map","component---src-templates-case-studies-gant-js-4f2d797020e05deb24c5.js","component---src-templates-case-studies-gant-js-4f2d797020e05deb24c5.js.map"],"children":{},"childAssets":{}},"component---src-templates-case-studies-oxygen-os-js":{"chunks":[0,12],"assets":["commons-12c362582636f6e63dac.js","commons-12c362582636f6e63dac.js.map","component---src-templates-case-studies-oxygen-os-js-6ea9df2dc4df53d19f4e.js","component---src-templates-case-studies-oxygen-os-js-6ea9df2dc4df53d19f4e.js.map"],"children":{},"childAssets":{}},"component---src-templates-case-studies-digitalsky-js":{"chunks":[0,8],"assets":["commons-12c362582636f6e63dac.js","commons-12c362582636f6e63dac.js.map","component---src-templates-case-studies-digitalsky-js-4b0c88a172df5c82ec3f.js","component---src-templates-case-studies-digitalsky-js-4b0c88a172df5c82ec3f.js.map"],"children":{},"childAssets":{}},"component---src-templates-case-studies-upcloud-js":{"chunks":[0,13],"assets":["commons-12c362582636f6e63dac.js","commons-12c362582636f6e63dac.js.map","component---src-templates-case-studies-upcloud-js-7116281fbbf3416a9972.js","component---src-templates-case-studies-upcloud-js-7116281fbbf3416a9972.js.map"],"children":{},"childAssets":{}},"component---src-pages-404-js":{"chunks":[0,2],"assets":["commons-12c362582636f6e63dac.js","commons-12c362582636f6e63dac.js.map","component---src-pages-404-js-789327fa33ecaac8e4ef.js","component---src-pages-404-js-789327fa33ecaac8e4ef.js.map"],"children":{},"childAssets":{}},"component---src-pages-about-js":{"chunks":[0,3],"assets":["commons-12c362582636f6e63dac.js","commons-12c362582636f6e63dac.js.map","component---src-pages-about-js-8fb46b80a4e08dd2df41.js","component---src-pages-about-js-8fb46b80a4e08dd2df41.js.map"],"children":{},"childAssets":{}},"component---src-pages-contact-js":{"chunks":[0,4],"assets":["commons-12c362582636f6e63dac.js","commons-12c362582636f6e63dac.js.map","component---src-pages-contact-js-b3ce98e98805c2863d60.js","component---src-pages-contact-js-b3ce98e98805c2863d60.js.map"],"children":{},"childAssets":{}},"component---src-pages-index-js":{"chunks":[0,5],"assets":["commons-12c362582636f6e63dac.js","commons-12c362582636f6e63dac.js.map","component---src-pages-index-js-0186d0f22dbebe733aa8.js","component---src-pages-index-js-0186d0f22dbebe733aa8.js.map"],"children":{},"childAssets":{}},"component---src-pages-page-2-js":{"chunks":[0,6],"assets":["commons-12c362582636f6e63dac.js","commons-12c362582636f6e63dac.js.map","component---src-pages-page-2-js-5055be3caef94038bbae.js","component---src-pages-page-2-js-5055be3caef94038bbae.js.map"],"children":{},"childAssets":{}}},"assetsByChunkName":{"app":["webpack-runtime-0829d502671e051ab273.js","styles.9be68b85c4da0aca1b6e.css","styles-2f70ff69daf662c64ebe.js","commons-12c362582636f6e63dac.js","app-d39d95052446202a85d5.js"],"component---src-templates-post-js":["commons-12c362582636f6e63dac.js","component---src-templates-post-js-2e54f31b271ba85d8ab9.js"],"component---src-templates-journal-js":["commons-12c362582636f6e63dac.js","component---src-templates-journal-js-a4c0509be93e583897d8.js"],"component---src-templates-case-studies-case-studies-js":["commons-12c362582636f6e63dac.js","component---src-templates-case-studies-case-studies-js-a7553f60e81f9de00534.js"],"component---src-templates-case-studies-oneplus-js":["commons-12c362582636f6e63dac.js","component---src-templates-case-studies-oneplus-js-bdfb95d507230def6c25.js"],"component---src-templates-case-studies-oneplus-tv-js":["commons-12c362582636f6e63dac.js","component---src-templates-case-studies-oneplus-tv-js-440e0d7ab56dd40c2de2.js"],"component---src-templates-case-studies-gant-js":["commons-12c362582636f6e63dac.js","component---src-templates-case-studies-gant-js-4f2d797020e05deb24c5.js"],"component---src-templates-case-studies-oxygen-os-js":["commons-12c362582636f6e63dac.js","component---src-templates-case-studies-oxygen-os-js-6ea9df2dc4df53d19f4e.js"],"component---src-templates-case-studies-digitalsky-js":["commons-12c362582636f6e63dac.js","component---src-templates-case-studies-digitalsky-js-4b0c88a172df5c82ec3f.js"],"component---src-templates-case-studies-upcloud-js":["commons-12c362582636f6e63dac.js","component---src-templates-case-studies-upcloud-js-7116281fbbf3416a9972.js"],"component---src-pages-404-js":["commons-12c362582636f6e63dac.js","component---src-pages-404-js-789327fa33ecaac8e4ef.js"],"component---src-pages-about-js":["commons-12c362582636f6e63dac.js","component---src-pages-about-js-8fb46b80a4e08dd2df41.js"],"component---src-pages-contact-js":["commons-12c362582636f6e63dac.js","component---src-pages-contact-js-b3ce98e98805c2863d60.js"],"component---src-pages-index-js":["commons-12c362582636f6e63dac.js","component---src-pages-index-js-0186d0f22dbebe733aa8.js"],"component---src-pages-page-2-js":["commons-12c362582636f6e63dac.js","component---src-pages-page-2-js-5055be3caef94038bbae.js"]}}