{"data":{"wpgraphql":{"pageBy":{"slug":"case-studies","id":"cGFnZToyMjI=","pageId":222,"childPages":{"nodes":[{"title":"Oneplus","slug":"oneplus","color":"#EB0029","page_category":"Wallpapers","featuredImage":{"sourceUrl":"http://localhost/grandworks-live/wp-content/uploads/2019/12/thumb_oneplus.jpg"}},{"title":"Oneplus TV","slug":"oneplus-tv","color":"#312E3F","page_category":"Art & Animation","featuredImage":{"sourceUrl":"http://localhost/grandworks-live/wp-content/uploads/2019/12/thumb_oneplustv.jpg"}},{"title":"Gant","slug":"gant","color":"#A37F75","page_category":"Textile Design","featuredImage":{"sourceUrl":"http://localhost/grandworks-live/wp-content/uploads/2019/12/thumb_gant.jpg"}},{"title":"Oxygen OS","slug":"oxygen-os","color":"#EB0029","page_category":"Illustrations","featuredImage":{"sourceUrl":"http://localhost/grandworks-live/wp-content/uploads/2019/12/thumb_oxygenos.jpg"}},{"title":"DigitalSky","slug":"digitalsky","color":"#245DFF","page_category":"WEBSITE DESIGN & FRONT-END DEV","featuredImage":{"sourceUrl":"http://localhost/grandworks-live/wp-content/uploads/2019/12/thumb_digitalsky.jpg"}},{"title":"Upcloud","slug":"upcloud","color":"#7B00FF","page_category":"WEBSITE DESIGN & DEV","featuredImage":{"sourceUrl":"http://localhost/grandworks-live/wp-content/uploads/2019/12/thumb_upcloud.jpg"}}]}}}}}